OME-NGFF version,EMBL-EBI bucket (current),SizeX,SizeY,SizeZ,SizeC,SizeT,Axes,Wells,Keywords,Name,Study,DOI
0.1,https://uk1s3.embassy.ebi.ac.uk/idr/zarr/v0.1/12689244.zarr,4992,4255,401,3,1,XYZCT,,,,idr0106,
0.1,https://uk1s3.embassy.ebi.ac.uk/idr/zarr/v0.1/179706.zarr,1344,1024,1,2,329,XYZCT,,,,idr0002,
0.1,https://uk1s3.embassy.ebi.ac.uk/idr/zarr/v0.1/1884807.zarr,256,256,1,3,1,XYZCT,,,,idr0021,
0.1,https://uk1s3.embassy.ebi.ac.uk/idr/zarr/v0.1/1885619.zarr,30,30,571,1,1,XYZCT,,,,idr0023,
0.1,https://uk1s3.embassy.ebi.ac.uk/idr/zarr/v0.1/4007801.zarr,2169,2048,988,2,532,XYZCT,,,,idr0044,
0.1,https://uk1s3.embassy.ebi.ac.uk/idr/zarr/v0.1/4495402.zarr,921600,380928,1,1,1,XYZCT,,,,idr0053,
0.1,https://uk1s3.embassy.ebi.ac.uk/idr/zarr/v0.1/6001237.zarr,1024,1024,39,4,1,XYZCT,,,,idr0062,
0.1,https://uk1s3.embassy.ebi.ac.uk/idr/zarr/v0.1/6001238.zarr,1024,1024,27,4,1,XYZCT,,,,idr0062,
0.1,https://uk1s3.embassy.ebi.ac.uk/idr/zarr/v0.1/6001239.zarr,1024,1024,36,4,1,XYZCT,,,,idr0062,
0.1,https://uk1s3.embassy.ebi.ac.uk/idr/zarr/v0.1/6001240.zarr,271,275,236,2,1,XYZCT,,labels (0),,idr0062,
0.1,https://uk1s3.embassy.ebi.ac.uk/idr/zarr/v0.1/6001241.zarr,278,263,236,2,1,XYZCT,,,,idr0062,
0.1,https://uk1s3.embassy.ebi.ac.uk/idr/zarr/v0.1/6001242.zarr,481,275,237,2,1,XYZCT,,,,idr0062,
0.1,https://uk1s3.embassy.ebi.ac.uk/idr/zarr/v0.1/6001243.zarr,212,218,237,2,1,XYZCT,,,,idr0062,
0.1,https://uk1s3.embassy.ebi.ac.uk/idr/zarr/v0.1/6001244.zarr,325,281,239,2,1,XYZCT,,,,idr0062,
0.1,https://uk1s3.embassy.ebi.ac.uk/idr/zarr/v0.1/6001245.zarr,220,226,257,2,1,XYZCT,,,,idr0062,
0.1,https://uk1s3.embassy.ebi.ac.uk/idr/zarr/v0.1/6001246.zarr,281,284,257,2,1,XYZCT,,,,idr0062,
0.1,https://uk1s3.embassy.ebi.ac.uk/idr/zarr/v0.1/6001247.zarr,253,210,257,2,1,XYZCT,,labels (0),,idr0062,
0.1,https://uk1s3.embassy.ebi.ac.uk/idr/zarr/v0.1/6001248.zarr,234,269,195,2,1,XYZCT,,,,idr0062,
0.1,https://uk1s3.embassy.ebi.ac.uk/idr/zarr/v0.1/6001249.zarr,246,241,195,2,1,XYZCT,,,,idr0062,
0.1,https://uk1s3.embassy.ebi.ac.uk/idr/zarr/v0.1/6001250.zarr,246,241,195,2,1,XYZCT,,,,idr0062,
0.1,https://uk1s3.embassy.ebi.ac.uk/idr/zarr/v0.1/6001251.zarr,170,163,140,2,1,XYZCT,,,,idr0062,
0.1,https://uk1s3.embassy.ebi.ac.uk/idr/zarr/v0.1/6001252.zarr,170,163,297,2,1,XYZCT,,,,idr0062,
0.1,https://uk1s3.embassy.ebi.ac.uk/idr/zarr/v0.1/6001253.zarr,803,1024,297,2,1,XYZCT,,,,idr0062,
0.1,https://uk1s3.embassy.ebi.ac.uk/idr/zarr/v0.1/6001254.zarr,393,354,51,4,1,XYZCT,,,,idr0062,
0.1,https://uk1s3.embassy.ebi.ac.uk/idr/zarr/v0.1/6001255.zarr,551,416,32,4,1,XYZCT,,,,idr0062,
0.1,https://uk1s3.embassy.ebi.ac.uk/idr/zarr/v0.1/6001256.zarr,350,372,61,4,1,XYZCT,,,,idr0062,
0.1,https://uk1s3.embassy.ebi.ac.uk/idr/zarr/v0.1/6001257.zarr,3763,2860,145,4,1,XYZCT,,,,idr0062,
0.1,https://uk1s3.embassy.ebi.ac.uk/idr/zarr/v0.1/6001258.zarr,1282,838,36,3,1,XYZCT,,,,idr0062,
0.1,https://uk1s3.embassy.ebi.ac.uk/idr/zarr/v0.1/9798462.zarr,21115,16433,1,3,1,XYZCT,,,,idr0073,
0.1,https://uk1s3.embassy.ebi.ac.uk/idr/zarr/v0.1/9822151.zarr,79360,167424,1,1,1,XYZCT,,,,idr0083,https://doi.org/10.5281/zenodo.5546093
0.1,https://uk1s3.embassy.ebi.ac.uk/idr/zarr/v0.1/9822152.zarr,144384,93184,1,1,1,XYZCT,,,,idr0083,
0.1,https://uk1s3.embassy.ebi.ac.uk/idr/zarr/v0.1/9836831.zarr,1920,1920,259,4,1,XYZCT,,,,idr0077,
0.1,https://uk1s3.embassy.ebi.ac.uk/idr/zarr/v0.1/9836832.zarr,1920,1920,259,4,1,XYZCT,,,,idr0077,
0.1,https://uk1s3.embassy.ebi.ac.uk/idr/zarr/v0.1/9836833.zarr,1920,1920,259,4,1,XYZCT,,,,idr0077,
0.1,https://uk1s3.embassy.ebi.ac.uk/idr/zarr/v0.1/9836834.zarr,1920,1920,259,4,1,XYZCT,,,,idr0077,
0.1,https://uk1s3.embassy.ebi.ac.uk/idr/zarr/v0.1/9836835.zarr,1920,1920,259,4,1,XYZCT,,,,idr0077,
0.1,https://uk1s3.embassy.ebi.ac.uk/idr/zarr/v0.1/9836836.zarr,1920,1920,259,4,1,XYZCT,,,,idr0077,
0.1,https://uk1s3.embassy.ebi.ac.uk/idr/zarr/v0.1/9836837.zarr,1920,1920,259,4,1,XYZCT,,,,idr0077,
0.1,https://uk1s3.embassy.ebi.ac.uk/idr/zarr/v0.1/9836838.zarr,1920,1920,259,4,1,XYZCT,,,,idr0077,
0.1,https://uk1s3.embassy.ebi.ac.uk/idr/zarr/v0.1/9836839.zarr,1920,1920,259,4,1,XYZCT,,,,idr0077,
0.1,https://uk1s3.embassy.ebi.ac.uk/idr/zarr/v0.1/9836840.zarr,1920,1920,259,4,1,XYZCT,,,,idr0077,
0.1,https://uk1s3.embassy.ebi.ac.uk/idr/zarr/v0.1/9836841.zarr,1920,1920,259,4,1,XYZCT,,,,idr0077,
0.1,https://uk1s3.embassy.ebi.ac.uk/idr/zarr/v0.1/9836842.zarr,1920,1920,259,4,1,XYZCT,,,,idr0077,
0.1,https://uk1s3.embassy.ebi.ac.uk/idr/zarr/v0.1/9836843.zarr,1920,1920,259,4,1,XYZCT,,,,idr0077,
0.1,https://uk1s3.embassy.ebi.ac.uk/idr/zarr/v0.1/9836844.zarr,1920,1920,259,4,1,XYZCT,,,,idr0077,
0.1,https://uk1s3.embassy.ebi.ac.uk/idr/zarr/v0.1/9836845.zarr,1920,1920,259,4,1,XYZCT,,,,idr0077,
0.1,https://uk1s3.embassy.ebi.ac.uk/idr/zarr/v0.1/9836846.zarr,1920,1920,259,4,1,XYZCT,,,,idr0077,
0.1,https://uk1s3.embassy.ebi.ac.uk/idr/zarr/v0.1/9836950.zarr,1636,816,156,1,1,XYZCT,,,,idr0079,
0.1,https://uk1s3.embassy.ebi.ac.uk/idr/zarr/v0.1/plates/1751.zarr,672,510,10,2,1,XYZCT,69,,,idr0004,https://doi.org/10.5281/zenodo.5741293
0.1,https://uk1s3.embassy.ebi.ac.uk/idr/zarr/v0.1/plates/2551.zarr,1376,1040,16,2,1,XYZCT,96,,,idr0001,https://zenodo.org/record/5735098
0.1,https://uk1s3.embassy.ebi.ac.uk/idr/zarr/v0.1/plates/422.zarr,1344,1024,1,2,329,XYZCT,96,,,idr0002,
0.1,https://uk1s3.embassy.ebi.ac.uk/idr/zarr/v0.1/plates/5966.zarr,1080,1080,1,5,1,XYZCT,384,,,idr0033,https://zenodo.org/record/5742744
0.1,https://uk1s3.embassy.ebi.ac.uk/idr/zarr/v0.1/plates/7825.zarr,1080,1080,1,1,1,XYZCT,96,,,idr0094,https://zenodo.org/record/5745520
0.2,https://uk1s3.embassy.ebi.ac.uk/idr/zarr/v0.2/6001240.zarr,271,275,236,2,1,XYZCT,,labels (0),,idr0062,
0.2,https://uk1s3.embassy.ebi.ac.uk/idr/zarr/v0.2/6001247.zarr,253,210,257,2,1,XYZCT,,labels (0),,idr0062,
0.3,https://uk1s3.embassy.ebi.ac.uk/idr/zarr/v0.3/9836842.zarr,1920,1920,,4,,XYC,,,,idr0077,
0.3,https://uk1s3.embassy.ebi.ac.uk/idr/zarr/v0.3/idr0079A/9836998.zarr,1584,788,142,2,,XYZC ,,labels (0),,idr0079,
0.3,https://uk1s3.embassy.ebi.ac.uk/idr/zarr/v0.3/idr0052A/5514375.zarr,256,256,31,3,40,XYZCT,,"labels (cells, chromosomes)",,idr0052,
0.3,https://uk1s3.embassy.ebi.ac.uk/idr/zarr/v0.3/idr0095B/11511419.zarr,2048,2048,,3,,XYC,,labels (0),,idr0095,
0.3,https://uk1s3.embassy.ebi.ac.uk/idr/zarr/v0.3/idr0095B/11511420.zarr,2048,2048,,3,,XYC,,labels (0),,idr0095,
0.3,https://uk1s3.embassy.ebi.ac.uk/idr/zarr/v0.3/idr0095B/11511421.zarr,2048,2048,,3,,XYC,,labels (0),,idr0095,
0.3,https://uk1s3.embassy.ebi.ac.uk/idr/zarr/v0.3/idr0095B/11511422.zarr,2048,2048,,3,,XYC,,labels (0),,idr0095,
0.3,https://uk1s3.embassy.ebi.ac.uk/idr/zarr/v0.3/idr0095B/11511423.zarr,2048,2048,,3,,XYC,,labels (0),,idr0095,
0.3,https://uk1s3.embassy.ebi.ac.uk/idr/zarr/v0.3/idr0095B/11511424.zarr,2048,2048,,3,,XYC,,labels (0),,idr0095,
0.3,https://uk1s3.embassy.ebi.ac.uk/idr/zarr/v0.3/idr0094A/7751.zarr,1080,1080,,,,XY,96,labels,,idr0094,
0.3,https://uk1s3.embassy.ebi.ac.uk/idr/zarr/v0.3/idr0109A/12922361.zarr,2560,2160,,,721,XYT,,,,idr0109,
0.3,https://uk1s3.embassy.ebi.ac.uk/idr/zarr/v0.3/idr0075A/9528933.zarr,512,512,91,,,XYZ,,,,idr0075,
0.3,https://uk1s3.embassy.ebi.ac.uk/idr/zarr/v0.3/idr0051A/4007817.zarr,333,333,201,,79,XYZT,,,,idr0051,
0.3,https://uk1s3.embassy.ebi.ac.uk/idr/zarr/v0.3/idr0040A/3491626.zarr,2048,2048,,5,20,XYCT,,,,idr0040,
0.4,https://uk1s3.embassy.ebi.ac.uk/idr/zarr/v0.4/idr0073A/9798462.zarr/,21115,16433,1,3,1,XYZCT,,,,idr0073,
0.4,https://uk1s3.embassy.ebi.ac.uk/idr/zarr/v0.4/idr0072B/9512.zarr/,1345,1017,1,2,1,XYC,72,,,idr0072,
